timestamp,x,y,z
1733479009.842277,0.471496,-0.244392,0.334791
1733479009.842277,0.471496,-0.244392,0.334791
1733479009.842277,0.471496,-0.244392,0.334791
1733479009.842277,0.471496,-0.244392,0.334791
1733479009.842277,0.471496,-0.244392,0.334791
1733479010.333379,0.375892,-0.203540,0.339593
1733479010.333379,0.375892,-0.203540,0.339593
1733479010.606232,0.347333,-0.198976,0.337838
1733479010.606232,0.347333,-0.198976,0.337838
1733479010.771375,0.331723,-0.194808,0.339444
1733479010.881801,0.323705,-0.191392,0.346134
1733479010.994454,0.316738,-0.188335,0.355325
1733479011.099229,0.316411,-0.190638,0.346911
1733479011.210837,0.310892,-0.188687,0.347159
1733479011.266302,0.306945,-0.186305,0.355032
1733479011.380060,0.305619,-0.186177,0.347122
1733479011.484837,0.304472,-0.184403,0.347211
1733479011.599558,0.305609,-0.179818,0.354286
1733479011.705647,0.312626,-0.180961,0.332635
1733479011.813317,0.310301,-0.172202,0.347572
1733479011.868505,0.311356,-0.168136,0.350581
1733479011.977752,0.316372,-0.163598,0.332935
1733479012.033967,0.315819,-0.159725,0.333251
1733479012.033967,0.315819,-0.159725,0.333251
1733479012.033967,0.315819,-0.159725,0.333251
1733479012.033967,0.315819,-0.159725,0.333251
1733479012.033967,0.315819,-0.159725,0.333251
1733479012.033967,0.315819,-0.159725,0.333251
1733479012.033967,0.315819,-0.159725,0.333251
1733479012.033967,0.315819,-0.159725,0.333251
1733479012.033967,0.315819,-0.159725,0.333251
1733479012.962147,0.315991,-0.065602,0.341397
1733479013.072544,0.313740,-0.057607,0.344578
1733479013.185182,0.310277,-0.051360,0.359086
1733479013.290100,0.309726,-0.049614,0.351293
1733479013.401453,0.307707,-0.048916,0.353057
1733479013.512743,0.309658,-0.046316,0.352968
1733479013.571634,0.306601,-0.044787,0.367243
1733479013.674536,0.313819,-0.043938,0.337472
1733479013.781950,0.313372,-0.041255,0.337962
1733479013.897283,0.308956,-0.038521,0.352686
1733479014.002800,0.311460,-0.035955,0.337919
1733479014.069674,0.309450,-0.033970,0.345787
1733479014.167885,0.312863,-0.029316,0.338269
1733479014.277691,0.315946,-0.024010,0.337634
1733479014.386612,0.319892,-0.017365,0.337673
1733479014.494997,0.323498,-0.010721,0.337621
1733479014.608835,0.318070,-0.004075,0.366654
1733479014.713128,0.323508,0.003407,0.346173
1733479014.778778,0.321821,0.006858,0.351796
1733479014.886289,0.320367,0.014041,0.351103
1733479014.991703,0.319632,0.019505,0.343720
1733479015.046612,0.314688,0.021049,0.355395
1733479015.212201,0.314474,0.029327,0.350139
1733479015.265414,0.315508,0.032574,0.344967
1733479015.374654,0.309499,0.036289,0.365397
1733479015.490668,0.311616,0.041922,0.354690
1733479015.597479,0.315168,0.046686,0.349748
1733479015.710883,0.311909,0.049436,0.365565
1733479015.810338,0.314511,0.055556,0.356654
1733479015.866011,0.314814,0.057955,0.358330
1733479015.974896,0.317442,0.065371,0.351415
1733479016.089552,0.316900,0.072554,0.360179
1733479016.194211,0.315621,0.079139,0.368553
1733479016.306421,0.313628,0.085880,0.365618
1733479016.361391,0.314130,0.090075,0.356130
1733479016.470242,0.309453,0.095037,0.365703
1733479016.578381,0.303287,0.099253,0.380090
1733479016.689342,0.305014,0.105987,0.373048
1733479016.803046,0.305684,0.110417,0.375028
1733479016.909001,0.308203,0.112996,0.373622
1733479016.971766,0.310954,0.115183,0.366423
1733479017.074357,0.311191,0.115584,0.363727
1733479017.186731,0.309832,0.114131,0.364041
1733479017.289313,0.305519,0.109754,0.372142
1733479017.401563,0.307116,0.106944,0.367994
1733479017.513316,0.306578,0.101321,0.377179
1733479017.569038,0.306526,0.098795,0.377457
1733479017.673196,0.310023,0.094815,0.375861
1733479017.784474,0.312878,0.090579,0.373333
1733479017.894460,0.311221,0.084493,0.373693
1733479018.009789,0.311773,0.079259,0.373020
1733479018.059855,0.306604,0.073445,0.392448
1733479018.172959,0.310717,0.069799,0.369131
1733479018.278398,0.309206,0.062475,0.376908
1733479018.386748,0.306973,0.053884,0.385425
1733479018.444525,0.310834,0.050884,0.369960
1733479018.607317,0.311234,0.038511,0.367940
1733479018.664816,0.308420,0.033422,0.380120
1733479018.774273,0.310307,0.025167,0.375604
1733479018.880141,0.311792,0.016629,0.371354
1733479018.992623,0.313019,0.009006,0.374038
1733479019.099369,0.315699,0.000215,0.373370
1733479019.213075,0.317224,-0.008571,0.370136
1733479019.264310,0.317126,-0.012372,0.369897
1733479019.373986,0.317378,-0.019939,0.371837
1733479019.484830,0.318242,-0.027557,0.369829
1733479019.595012,0.318343,-0.035165,0.369353
1733479019.705284,0.321114,-0.043128,0.363925
1733479019.810733,0.322750,-0.051201,0.361207
1733479019.866696,0.322387,-0.056213,0.363000
1733479019.923452,0.326580,-0.061564,0.348813
1733479020.089766,0.329000,-0.074959,0.350140
1733479020.196175,0.332159,-0.083508,0.346905
1733479020.309906,0.329508,-0.090566,0.360735
1733479020.414090,0.333027,-0.099297,0.352848
1733479020.473632,0.330765,-0.101624,0.362691
1733479020.578413,0.334466,-0.110367,0.351457
1733479020.692755,0.329869,-0.115337,0.363651
1733479020.806459,0.330944,-0.123599,0.358658
1733479020.914326,0.325025,-0.129402,0.375020
1733479020.965525,0.328501,-0.136517,0.362266
1733479020.965525,0.328501,-0.136517,0.362266
1733479021.126395,0.340787,-0.157987,0.338007
1733479021.126395,0.340787,-0.157987,0.338007
1733479021.126395,0.340787,-0.157987,0.338007
1733479021.126395,0.340787,-0.157987,0.338007
1733479021.518299,0.339309,-0.192425,0.359627
1733479021.518299,0.339309,-0.192425,0.359627
1733479021.518299,0.339309,-0.192425,0.359627
1733479021.518299,0.339309,-0.192425,0.359627
1733479021.958357,0.343080,-0.236021,0.354432
1733479022.066820,0.346466,-0.248925,0.343394
1733479022.167256,0.343928,-0.255646,0.352082
1733479022.291777,0.344332,-0.263553,0.352903
1733479022.386817,0.340492,-0.268769,0.359203
1733479022.501420,0.334969,-0.272609,0.365882
1733479022.606009,0.334770,-0.284574,0.351224
1733479022.665693,0.327208,-0.281271,0.366107
1733479022.778497,0.322623,-0.288723,0.361744
1733479022.884720,0.314141,-0.289025,0.372465
1733479022.998491,0.311265,-0.297572,0.366980
1733479023.099019,0.308968,-0.306688,0.362044
1733479023.162286,0.309152,-0.313877,0.353048
1733479023.271319,0.305977,-0.319600,0.356285
1733479023.373967,0.298825,-0.320364,0.372396
1733479023.500428,0.295683,-0.331787,0.363851
1733479023.596642,0.286774,-0.337106,0.367755
1733479023.702841,0.283450,-0.343493,0.366631
1733479023.761300,0.282173,-0.344537,0.367757
1733479023.872735,0.280750,-0.345177,0.373778
1733479023.986407,0.279044,-0.342012,0.382157
1733479024.087100,0.280631,-0.345083,0.374324
1733479024.202418,0.282131,-0.346015,0.367426
1733479024.306309,0.283348,-0.342182,0.367263
1733479024.414906,0.283178,-0.337556,0.363190
1733479024.473167,0.283228,-0.335668,0.361331
1733479024.581624,0.283758,-0.331619,0.353884
1733479024.694305,0.278179,-0.315254,0.372280
1733479024.806512,0.282955,-0.311049,0.361731
1733479024.908860,0.282883,-0.303403,0.361060
1733479024.962323,0.282728,-0.298636,0.361816
1733479025.076504,0.284926,-0.290619,0.358239
1733479025.186008,0.289413,-0.285553,0.348443
1733479025.292862,0.287400,-0.272770,0.358654
1733479025.402690,0.292141,-0.270101,0.341124
1733479025.510175,0.291904,-0.259541,0.344264
1733479025.510175,0.291904,-0.259541,0.344264
1733479025.510175,0.291904,-0.259541,0.344264
1733479025.510175,0.291904,-0.259541,0.344264
1733479025.897156,0.283459,-0.226085,0.335445
1733479026.004656,0.280555,-0.217171,0.337777
1733479026.061026,0.278262,-0.211616,0.344882
1733479026.171317,0.278154,-0.205159,0.345609
1733479026.278914,0.278392,-0.197801,0.347888
1733479026.393425,0.276508,-0.189746,0.361359
1733479026.497666,0.280893,-0.188306,0.348653
1733479026.608531,0.283511,-0.184287,0.348560
1733479026.661554,0.283466,-0.179912,0.356160
1733479026.769224,0.287865,-0.177088,0.348251
1733479026.891312,0.290374,-0.174017,0.343104
1733479026.993056,0.289774,-0.166374,0.355115
1733479027.101121,0.289829,-0.162988,0.359026
1733479027.213815,0.290919,-0.164181,0.354993
1733479027.268371,0.293241,-0.166066,0.350447
1733479027.375554,0.290519,-0.163422,0.366577
1733479027.492630,0.291991,-0.164487,0.363712
1733479027.605481,0.285124,-0.162205,0.380162
1733479027.704945,0.282402,-0.162004,0.383909
1733479027.762021,0.282254,-0.163043,0.383957
1733479027.878497,0.277201,-0.160636,0.406288
1733479027.982876,0.276396,-0.162113,0.407380
1733479028.088331,0.279867,-0.166210,0.397880
1733479028.194033,0.280979,-0.167001,0.404491
1733479028.306361,0.283017,-0.168439,0.404652
1733479028.365497,0.281130,-0.165861,0.416152
1733479028.473784,0.283521,-0.166223,0.416935
1733479028.584896,0.280294,-0.165641,0.422340
1733479028.698588,0.275146,-0.162370,0.435056
1733479028.799662,0.270990,-0.159763,0.444352
1733479028.913625,0.273648,-0.162013,0.433617
1733479028.963265,0.279383,-0.166481,0.412826
1733479029.085411,0.271780,-0.155837,0.456656
1733479029.190335,0.274579,-0.155890,0.456042
1733479029.294276,0.274968,-0.155539,0.461689
1733479029.403567,0.273364,-0.154121,0.467380
1733479029.513276,0.273367,-0.155187,0.466268
1733479029.566704,0.274595,-0.156668,0.461468
1733479029.676134,0.271426,-0.154205,0.473835
1733479029.793474,0.266970,-0.152337,0.481779
1733479029.893467,0.263090,-0.149913,0.490839
1733479030.008183,0.258898,-0.147361,0.500494
1733479030.060251,0.257885,-0.147361,0.500533
1733479030.185727,0.260787,-0.149499,0.491480
1733479030.279405,0.261573,-0.148375,0.496156
1733479030.388451,0.261930,-0.145332,0.500486
1733479030.501582,0.265967,-0.144968,0.491778
1733479030.609156,0.268837,-0.142966,0.486488
1733479030.670346,0.269222,-0.140877,0.486623
1733479030.772772,0.270446,-0.135457,0.484097
1733479030.828299,0.271505,-0.133222,0.477232
1733479030.828299,0.271505,-0.133222,0.477232
1733479030.828299,0.271505,-0.133222,0.477232
1733479031.209293,0.272794,-0.106153,0.473176
1733479031.271495,0.271010,-0.100963,0.484142
1733479031.381103,0.274332,-0.094915,0.471051
1733479031.484850,0.272037,-0.086777,0.480570
1733479031.540039,0.274314,-0.084274,0.470834
1733479031.652842,0.272939,-0.077046,0.474880
1733479031.815189,0.271996,-0.067879,0.480827
1733479031.868636,0.274547,-0.065636,0.471835
1733479031.977208,0.272228,-0.058346,0.484489
1733479032.093513,0.274693,-0.053014,0.479156
1733479032.199656,0.274949,-0.046570,0.480632
1733479032.306178,0.273951,-0.040219,0.485067
1733479032.371529,0.277592,-0.037151,0.470852
1733479032.470999,0.276429,-0.030415,0.470832
1733479032.580707,0.277704,-0.023425,0.472569
1733479032.640456,0.280065,-0.019824,0.466439
1733479032.640456,0.280065,-0.019824,0.466439
1733479032.640456,0.280065,-0.019824,0.466439
1733479032.640456,0.280065,-0.019824,0.466439
1733479032.640456,0.280065,-0.019824,0.466439
1733479032.640456,0.280065,-0.019824,0.466439
1733479032.640456,0.280065,-0.019824,0.466439
1733479033.402560,0.268785,0.036967,0.487189
1733479033.402560,0.268785,0.036967,0.487189
1733479033.522766,0.267590,0.044719,0.486638
1733479033.621067,0.267957,0.053150,0.481735
1733479033.792153,0.264357,0.063979,0.484587
1733479033.896397,0.264055,0.070698,0.486625
1733479034.008044,0.263200,0.077663,0.486133
1733479034.061647,0.263939,0.081909,0.481883
1733479034.178369,0.264096,0.089999,0.481913
1733479034.278091,0.265216,0.097257,0.481300
1733479034.390447,0.268368,0.105810,0.476075
1733479034.497858,0.267089,0.112902,0.481524
1733479034.605714,0.265837,0.118939,0.480228
1733479034.605714,0.265837,0.118939,0.480228
1733479034.768807,0.261540,0.126315,0.481367
1733479034.884001,0.258687,0.126449,0.490967
1733479034.990890,0.259880,0.127362,0.489513
1733479035.105656,0.262964,0.126962,0.484192
1733479035.210471,0.264027,0.123508,0.488967
1733479035.271434,0.265533,0.122051,0.488107
1733479035.373937,0.268095,0.116497,0.485231
1733479035.436894,0.269486,0.113443,0.484468
1733479035.593777,0.268385,0.102253,0.491261
1733479035.652465,0.269311,0.100404,0.485664
1733479035.652465,0.269311,0.100404,0.485664
1733479035.652465,0.269311,0.100404,0.485664
1733479035.652465,0.269311,0.100404,0.485664
1733479035.652465,0.269311,0.100404,0.485664
1733479035.652465,0.269311,0.100404,0.485664
1733479035.652465,0.269311,0.100404,0.485664
1733479035.652465,0.269311,0.100404,0.485664
1733479035.652465,0.269311,0.100404,0.485664
1733479035.652465,0.269311,0.100404,0.485664
1733479036.696711,0.267446,0.009269,0.490988
1733479036.806409,0.267169,0.003706,0.487531
1733479036.856540,0.265016,0.000915,0.493137
1733479036.963810,0.265018,-0.002295,0.483451
1733479037.077146,0.260793,-0.003608,0.488326
1733479037.183663,0.259007,-0.004745,0.493090
1733479037.296605,0.257901,-0.006800,0.492362
1733479037.409912,0.255880,-0.009797,0.496383
1733479037.513043,0.255987,-0.014493,0.501817
1733479037.513043,0.255987,-0.014493,0.501817
1733479037.677836,0.260510,-0.024732,0.485021
1733479037.785011,0.262309,-0.030962,0.483438
1733479037.898461,0.262054,-0.035986,0.486715
1733479038.008300,0.261825,-0.040171,0.486549
1733479038.063302,0.262450,-0.042331,0.485444
1733479038.181693,0.260739,-0.046725,0.496420
1733479038.278861,0.260676,-0.052384,0.498248
1733479038.389935,0.267540,-0.060430,0.479067
1733479038.503234,0.269637,-0.067654,0.482577
1733479038.556842,0.267814,-0.070143,0.492097
1733479038.665228,0.272527,-0.078666,0.482303
1733479038.773499,0.274574,-0.085345,0.480462
1733479038.891276,0.271910,-0.090255,0.491961
1733479038.997539,0.272913,-0.096767,0.489402
1733479039.110610,0.272659,-0.103012,0.491069
1733479039.160658,0.273147,-0.105860,0.490631
1733479039.271065,0.276382,-0.112924,0.483832
1733479039.376748,0.274184,-0.117130,0.490713
1733479039.491182,0.272094,-0.121289,0.497079
1733479039.597359,0.273280,-0.126981,0.493813
1733479039.714105,0.275001,-0.132791,0.489118
1733479039.758638,0.273324,-0.134109,0.495674
1733479039.870013,0.272018,-0.138099,0.501033
1733479039.980346,0.273380,-0.144265,0.496561
1733479040.088439,0.272209,-0.149446,0.496019
1733479040.202738,0.270658,-0.153349,0.498490
1733479040.313102,0.266976,-0.156013,0.509158
1733479040.365001,0.268377,-0.160547,0.501675
1733479040.473038,0.267020,-0.166990,0.497971
1733479040.585544,0.268595,-0.175193,0.491857
1733479040.689706,0.267520,-0.179961,0.495874
1733479040.804427,0.264864,-0.182817,0.504508
1733479040.913254,0.265798,-0.189391,0.502895
1733479040.969687,0.269144,-0.194837,0.494018
1733479041.090292,0.268449,-0.197050,0.503250
1733479041.192418,0.267057,-0.200774,0.507138
1733479041.296484,0.266930,-0.206687,0.505816
1733479041.403335,0.265803,-0.213269,0.501938
1733479041.458568,0.263257,-0.213886,0.506313
1733479041.576540,0.261917,-0.219171,0.507430
1733479041.680509,0.262436,-0.224943,0.505866
1733479041.788396,0.261651,-0.229877,0.505321
1733479041.900846,0.261852,-0.234743,0.505604
1733479042.007132,0.263792,-0.240164,0.505198
1733479042.070958,0.264739,-0.241911,0.505266
1733479042.179098,0.267907,-0.246653,0.503028
1733479042.287251,0.268649,-0.248092,0.505613
1733479042.397928,0.266949,-0.247647,0.511297
1733479042.500744,0.266690,-0.248912,0.513531
1733479042.609716,0.261956,-0.246153,0.522223
1733479042.665035,0.261082,-0.246862,0.522582
1733479042.781576,0.255035,-0.241492,0.537818
1733479042.889481,0.252155,-0.241331,0.541741
1733479042.994233,0.251487,-0.242762,0.544393
1733479043.109621,0.244830,-0.236310,0.563360
1733479043.211952,0.242119,-0.237777,0.566076
1733479043.270799,0.241012,-0.236991,0.569438
1733479043.384361,0.237662,-0.233916,0.577797
1733479043.488509,0.236442,-0.234317,0.580151
1733479043.596436,0.232924,-0.234358,0.584558
1733479043.713834,0.226559,-0.230069,0.596319
1733479043.759519,0.225364,-0.231725,0.593018
1733479043.878008,0.219383,-0.226819,0.606179
1733479043.978180,0.217526,-0.224525,0.614320
1733479044.090841,0.218639,-0.225204,0.612952
1733479044.200501,0.220197,-0.224031,0.619045
1733479044.305878,0.222302,-0.224341,0.620044
1733479044.369240,0.221687,-0.221059,0.627359
1733479044.472309,0.223232,-0.222588,0.624363
1733479044.582544,0.225905,-0.222310,0.625104
1733479044.697299,0.225915,-0.219659,0.630646
1733479044.803824,0.225155,-0.218917,0.630461
1733479044.912160,0.223568,-0.217982,0.630087
1733479044.981084,0.221827,-0.214258,0.635973
1733479045.082820,0.220796,-0.214319,0.633141
1733479045.195116,0.222139,-0.214755,0.630019
1733479045.293218,0.224026,-0.213354,0.630364
1733479045.410189,0.225080,-0.211955,0.629969
1733479045.513310,0.228255,-0.211963,0.625664
1733479045.565558,0.227938,-0.208612,0.630098
1733479045.680103,0.227922,-0.209598,0.622115
1733479045.795227,0.227695,-0.207541,0.619541
1733479045.901254,0.227747,-0.204047,0.619088
1733479046.005228,0.226613,-0.198286,0.621581
1733479046.113105,0.228624,-0.196785,0.614806
1733479046.176948,0.229379,-0.194362,0.614915
1733479046.281625,0.229969,-0.188962,0.616092
1733479046.395986,0.230876,-0.185783,0.611686
1733479046.500659,0.232095,-0.183345,0.604760
1733479046.613171,0.229858,-0.174333,0.616166
1733479046.665480,0.231534,-0.174273,0.608506
1733479046.778184,0.231095,-0.170668,0.604057
1733479046.892086,0.231190,-0.165460,0.601958
1733479047.006876,0.230402,-0.157860,0.608678
1733479047.104567,0.233959,-0.155521,0.596405
1733479047.212566,0.235030,-0.148965,0.597474
1733479047.274194,0.234878,-0.146365,0.595960
1733479047.383255,0.232963,-0.139587,0.596874
1733479047.496955,0.235194,-0.133626,0.594199
1733479047.595949,0.236440,-0.126320,0.596618
1733479047.714190,0.236945,-0.120637,0.593939
1733479047.758942,0.237234,-0.117955,0.594096
1733479047.877082,0.239469,-0.113605,0.591503
1733479047.976708,0.239622,-0.108330,0.593282
1733479048.091401,0.239662,-0.103790,0.594890
1733479048.199990,0.239645,-0.099605,0.595117
1733479048.305171,0.240305,-0.095873,0.594167
1733479048.368795,0.239646,-0.093364,0.601228
1733479048.474625,0.242357,-0.091568,0.593272
1733479048.581184,0.242502,-0.087649,0.594938
1733479048.689953,0.244966,-0.083849,0.590548
1733479048.807228,0.245527,-0.079007,0.588932
1733479048.856609,0.245886,-0.076118,0.588057
1733479048.965538,0.245063,-0.069691,0.588904
1733479049.078059,0.244403,-0.062763,0.596737
1733479049.184793,0.247606,-0.057424,0.590795
1733479049.184793,0.247606,-0.057424,0.590795
1733479049.402614,0.245775,-0.043624,0.588364
1733479049.402614,0.245775,-0.043624,0.588364
1733479049.516948,0.243325,-0.036701,0.591097
1733479049.628866,0.241966,-0.029619,0.592224
1733479049.792337,0.239144,-0.019601,0.595167
1733479049.899700,0.238675,-0.013203,0.591405
1733479050.007804,0.238456,-0.006595,0.592806
1733479050.068726,0.236771,-0.003811,0.600271
1733479050.177380,0.236617,0.001271,0.600477
1733479050.281434,0.237534,0.006460,0.596177
1733479050.389102,0.237705,0.011561,0.600619
1733479050.447890,0.237839,0.013446,0.602027
1733479050.607965,0.239181,0.019967,0.602697
1733479050.668495,0.240003,0.022606,0.599752
1733479050.775997,0.238685,0.026986,0.604497
1733479050.881070,0.240307,0.033209,0.596593
1733479050.998399,0.241595,0.039074,0.596143
1733479051.109106,0.239421,0.041751,0.605211
1733479051.213524,0.237210,0.044690,0.602651
1733479051.265120,0.236384,0.046513,0.602191
1733479051.384750,0.235082,0.048668,0.607942
1733479051.493689,0.234810,0.050427,0.599616
1733479051.600691,0.231427,0.050453,0.602785
1733479051.712536,0.232198,0.050576,0.602563
1733479051.761302,0.232994,0.049869,0.596912
1733479051.870054,0.231441,0.046380,0.599831
1733479051.980282,0.230811,0.043287,0.606267
1733479052.091824,0.232893,0.040960,0.602007
1733479052.200288,0.233608,0.038817,0.599954
1733479052.308248,0.230322,0.034812,0.607311
1733479052.360882,0.231929,0.034193,0.599260
1733479052.472341,0.233072,0.028661,0.596773
1733479052.589316,0.234612,0.023299,0.592892
1733479052.689342,0.232489,0.017511,0.597785
1733479052.803558,0.231749,0.012242,0.601947
1733479052.910129,0.233234,0.007301,0.601770
1733479052.965953,0.234869,0.005001,0.596906
1733479053.076483,0.234521,-0.000695,0.602474
1733479053.185034,0.235511,-0.006697,0.600036
1733479053.294832,0.237583,-0.012658,0.597765
1733479053.294832,0.237583,-0.012658,0.597765
1733479053.513822,0.239502,-0.027725,0.591923
1733479053.573164,0.238409,-0.030895,0.595214
1733479053.677207,0.241284,-0.037984,0.593165
1733479053.677207,0.241284,-0.037984,0.593165
1733479053.677207,0.241284,-0.037984,0.593165
1733479054.005243,0.244598,-0.059434,0.582996
1733479054.083277,0.243658,-0.061648,0.588965
1733479054.187366,0.243532,-0.066831,0.588022
1733479054.289493,0.240749,-0.069297,0.599707
1733479054.396073,0.239463,-0.072564,0.600150
1733479054.503874,0.238211,-0.075963,0.599402
1733479054.608432,0.238530,-0.080339,0.593046
1733479054.668703,0.237343,-0.081771,0.595496
1733479054.668703,0.237343,-0.081771,0.595496
1733479054.880395,0.236272,-0.090207,0.594370
1733479054.993003,0.236599,-0.093895,0.595708
1733479055.109720,0.236134,-0.094992,0.605702
1733479055.212339,0.240057,-0.096879,0.606250
1733479055.268585,0.240893,-0.097163,0.609193
1733479055.377272,0.239724,-0.097200,0.619531
1733479055.490305,0.240081,-0.098286,0.621456
1733479055.597970,0.237791,-0.097157,0.629842
1733479055.711555,0.234129,-0.097871,0.632705
1733479055.763331,0.233319,-0.098878,0.629649
1733479055.873019,0.231367,-0.098663,0.634965
1733479055.981108,0.232906,-0.099696,0.632698
1733479056.091694,0.235585,-0.099753,0.632257
1733479056.199507,0.232318,-0.096589,0.642548
1733479056.309873,0.227988,-0.093903,0.650716
1733479056.360407,0.224857,-0.092123,0.657242
1733479056.487932,0.220120,-0.089771,0.663262
1733479056.590071,0.215668,-0.087103,0.671995
1733479056.692894,0.214764,-0.085268,0.676192
1733479056.804650,0.216742,-0.083069,0.681703
1733479056.913729,0.217801,-0.082224,0.681919
1733479056.969640,0.218814,-0.081852,0.682274
1733479057.074433,0.219456,-0.080614,0.685659
1733479057.193305,0.216997,-0.078147,0.693617
1733479057.291718,0.214182,-0.076619,0.697566
1733479057.407764,0.209943,-0.073742,0.708567
1733479057.514075,0.209146,-0.072788,0.711514
1733479057.587224,0.207818,-0.071521,0.716538
1733479057.684430,0.206843,-0.069778,0.721604
1733479057.791401,0.204887,-0.068066,0.723946
1733479057.897094,0.201000,-0.066161,0.728010
1733479058.007369,0.196428,-0.063827,0.733722
1733479058.062495,0.195524,-0.062599,0.734737
1733479058.176908,0.196409,-0.062119,0.730245
1733479058.286065,0.197190,-0.059827,0.726758
1733479058.392525,0.198679,-0.056902,0.723284
1733479058.504922,0.200674,-0.054034,0.720848
1733479058.609107,0.201935,-0.050378,0.716337
1733479058.663486,0.201695,-0.047725,0.718417
1733479058.775381,0.201740,-0.042804,0.714730
1733479058.891993,0.200283,-0.037629,0.717301
1733479058.996823,0.200061,-0.032984,0.715540
1733479059.107934,0.200564,-0.028089,0.716073
1733479059.161842,0.201397,-0.025388,0.715090
1733479059.268088,0.203359,-0.020812,0.715999
1733479059.375616,0.206061,-0.015939,0.715858
1733479059.486017,0.208627,-0.010426,0.716975
1733479059.595627,0.208422,-0.005913,0.720609
1733479059.711769,0.208548,-0.001372,0.719401
1733479059.814131,0.209274,0.003405,0.717897
1733479059.867826,0.208682,0.005781,0.718383
1733479059.983274,0.207870,0.011060,0.719009
1733479060.097101,0.205642,0.015940,0.722687
1733479060.201050,0.203090,0.020961,0.722422
1733479060.306675,0.201620,0.025314,0.720925
1733479060.363068,0.201069,0.027684,0.719296
1733479060.479105,0.201433,0.032291,0.719482
1733479060.587653,0.201610,0.036121,0.720988
1733479060.695031,0.202625,0.039191,0.719622
1733479060.807698,0.202722,0.042340,0.717683
1733479060.907629,0.204195,0.044907,0.716153
1733479060.971195,0.204324,0.045744,0.715823
1733479061.082723,0.203949,0.046948,0.715826
1733479061.189481,0.203922,0.048409,0.714232
1733479061.295689,0.203596,0.049023,0.712831
1733479061.410646,0.202112,0.048151,0.710786
1733479061.459305,0.200746,0.047494,0.711080
1733479061.569785,0.198959,0.044824,0.714275
1733479061.675557,0.201393,0.042363,0.711216
1733479061.788678,0.202307,0.039016,0.708107
1733479061.895159,0.201966,0.035421,0.705097
1733479062.004334,0.201047,0.031141,0.706240
1733479062.063450,0.200956,0.028883,0.706782
1733479062.179958,0.200760,0.024272,0.704808
1733479062.283533,0.201476,0.019307,0.704932
1733479062.391148,0.202814,0.013900,0.699408
1733479062.499117,0.203175,0.007802,0.699337
1733479062.607398,0.203696,0.002296,0.700712
1733479062.673805,0.205179,-0.000731,0.697903
1733479062.771585,0.205934,-0.007441,0.695938
1733479062.887554,0.206387,-0.013322,0.696812
1733479062.944561,0.208496,-0.016889,0.691738
1733479063.107987,0.212710,-0.026668,0.688513
1733479063.155381,0.214615,-0.029700,0.686812
1733479063.272863,0.214178,-0.035935,0.689448
1733479063.375765,0.213941,-0.041890,0.689151
1733479063.485215,0.213127,-0.047991,0.692602
1733479063.598935,0.214143,-0.053927,0.691968
1733479063.708201,0.213999,-0.059792,0.692037
1733479063.769249,0.215189,-0.063593,0.686075
1733479063.880389,0.216190,-0.069126,0.687761
1733479063.979471,0.216774,-0.074412,0.690113
1733479064.100524,0.217003,-0.080407,0.689201
1733479064.204675,0.217187,-0.086765,0.689864
1733479064.311070,0.215887,-0.092007,0.694673
1733479064.372109,0.215096,-0.095207,0.694989
1733479064.485378,0.214940,-0.102522,0.691040
1733479064.591375,0.218084,-0.109209,0.686480
1733479064.694994,0.220011,-0.114903,0.686434
1733479064.809904,0.220162,-0.119728,0.688004
1733479064.864738,0.218543,-0.121313,0.693043
1733479064.968590,0.220373,-0.128299,0.688101
1733479065.079990,0.220573,-0.134399,0.689106
1733479065.206272,0.219250,-0.139074,0.692418
1733479065.269008,0.218826,-0.141969,0.691866
1733479065.406101,0.217911,-0.150712,0.692197
1733479065.513267,0.217694,-0.156493,0.690977
1733479065.577926,0.216606,-0.157965,0.693421
1733479065.677091,0.214920,-0.162740,0.691080
1733479065.791866,0.214263,-0.167384,0.691729
1733479065.895930,0.216001,-0.172090,0.690156
1733479066.008043,0.217597,-0.175083,0.691644
1733479066.069330,0.217611,-0.177033,0.691784
1733479066.172970,0.218046,-0.183496,0.688339
1733479066.281316,0.217823,-0.187128,0.689700
1733479066.393356,0.217846,-0.191508,0.688260
1733479066.508304,0.215062,-0.192043,0.693315
1733479066.556455,0.213128,-0.191329,0.696351
1733479066.664350,0.213205,-0.196332,0.688231
1733479066.773971,0.211028,-0.195660,0.688821
1733479066.884984,0.210168,-0.195034,0.687612
1733479066.992891,0.211777,-0.193833,0.685673
1733479067.104960,0.211997,-0.191758,0.683208
1733479067.162262,0.210774,-0.188557,0.686805
1733479067.276733,0.211402,-0.185244,0.686545
1733479067.379413,0.213216,-0.183192,0.681214
1733479067.491710,0.213173,-0.181043,0.674357
1733479067.598873,0.212464,-0.176809,0.671748
1733479067.705074,0.211752,-0.171339,0.671642
1733479067.763100,0.211065,-0.168677,0.672804
1733479067.871885,0.210385,-0.163301,0.671461
1733479067.990165,0.209177,-0.156985,0.676084
1733479068.089984,0.210442,-0.153264,0.671849
1733479068.200151,0.210137,-0.146592,0.673860
1733479068.307684,0.209847,-0.143569,0.668807
1733479068.366101,0.207689,-0.139588,0.672950
1733479068.474702,0.207557,-0.134650,0.673078
1733479068.587437,0.208241,-0.128433,0.678024
1733479068.694352,0.208476,-0.124968,0.676233
1733479068.804890,0.208882,-0.121553,0.674091
1733479068.855517,0.208021,-0.118289,0.679334
1733479068.855517,0.208021,-0.118289,0.679334
1733479068.855517,0.208021,-0.118289,0.679334
1733479068.855517,0.208021,-0.118289,0.679334
1733479068.855517,0.208021,-0.118289,0.679334
1733479068.855517,0.208021,-0.118289,0.679334
1733479068.855517,0.208021,-0.118289,0.679334
1733479068.855517,0.208021,-0.118289,0.679334
1733479068.855517,0.208021,-0.118289,0.679334
1733479068.855517,0.208021,-0.118289,0.679334
1733479068.855517,0.208021,-0.118289,0.679334
1733479068.855517,0.208021,-0.118289,0.679334
1733479068.855517,0.208021,-0.118289,0.679334
1733479068.855517,0.208021,-0.118289,0.679334
1733479068.855517,0.208021,-0.118289,0.679334
1733479068.855517,0.208021,-0.118289,0.679334
1733479068.855517,0.208021,-0.118289,0.679334
1733479068.855517,0.208021,-0.118289,0.679334
1733479068.855517,0.208021,-0.118289,0.679334
1733479068.855517,0.208021,-0.118289,0.679334
1733479068.855517,0.208021,-0.118289,0.679334
1733479068.855517,0.208021,-0.118289,0.679334
1733479068.855517,0.208021,-0.118289,0.679334
1733479068.855517,0.208021,-0.118289,0.679334
1733479068.855517,0.208021,-0.118289,0.679334
1733479068.855517,0.208021,-0.118289,0.679334
1733479068.855517,0.208021,-0.118289,0.679334
1733479068.855517,0.208021,-0.118289,0.679334
1733479068.855517,0.208021,-0.118289,0.679334
1733479068.855517,0.208021,-0.118289,0.679334
1733479068.855517,0.208021,-0.118289,0.679334
1733479068.855517,0.208021,-0.118289,0.679334
1733479068.855517,0.208021,-0.118289,0.679334
1733479068.855517,0.208021,-0.118289,0.679334
1733479068.855517,0.208021,-0.118289,0.679334
1733479068.855517,0.208021,-0.118289,0.679334
1733479068.855517,0.208021,-0.118289,0.679334
1733479068.855517,0.208021,-0.118289,0.679334
1733479068.855517,0.208021,-0.118289,0.679334
1733479068.855517,0.208021,-0.118289,0.679334
1733479068.855517,0.208021,-0.118289,0.679334
1733479068.855517,0.208021,-0.118289,0.679334
1733479068.855517,0.208021,-0.118289,0.679334
1733479068.855517,0.208021,-0.118289,0.679334
1733479068.855517,0.208021,-0.118289,0.679334
1733479068.855517,0.208021,-0.118289,0.679334
1733479068.855517,0.208021,-0.118289,0.679334
1733479068.855517,0.208021,-0.118289,0.679334
1733479068.855517,0.208021,-0.118289,0.679334
1733479068.855517,0.208021,-0.118289,0.679334
1733479068.855517,0.208021,-0.118289,0.679334
1733479068.855517,0.208021,-0.118289,0.679334
1733479068.855517,0.208021,-0.118289,0.679334
1733479068.855517,0.208021,-0.118289,0.679334
1733479068.855517,0.208021,-0.118289,0.679334
1733479068.855517,0.208021,-0.118289,0.679334
